Workbook

Sheet Dashboard
A1: Elijah Total Football Training Command Center
A3: Athlete | B3: Elijah | D3: How to Use This Workbook
A4: Identity | B4: Total footballer: score, press, defend, create, win duels | D4: 1) Adjust the Weekly Plan around club load. 2) Use the three session tabs for private sessions. 3) Use 20-Min Homework when motivation is low. 4) Record actual work in Session Log. 5) Update Score Tracker once per week.
A5: Plan | B5: 2 hard individual sessions + 1 light technical session + 1 full rest day
A6: Main Rule | B6: Train the whole game, not only striker goals
A9: Weekly Plan Snapshot
A10: Metric | B10: Value | C10: Target / Note | E10: Standard | F10: Meaning | G10: Action | H10: Status
A11: Planned Minutes | B11: ='Weekly Plan'!B14 -> 375 | C11: 300-400 depending on club week | E11: Scan Score | F11: 8/10+ before receiving | G11: Use Session 1 | H11: =IF(B11>=300,"OK","Low") -> OK
A12: Planned Load | B12: ='Weekly Plan'!B15 -> 2615 | C12: Avoid sudden load spikes | E12: Finishing | F12: 70%+ on frame | G12: Use Session 3 | H12: =IF(B12>0,"Track","") -> Track
A13: Hard Individual Days | B13: ='Weekly Plan'!B16 -> 2 | C13: 2 max most weeks | E13: 1v1 Duels | F13: 60%+ win/delay rate | G13: Use Session 2 | H13: =IF(B13<=2,"OK","Too Many") -> OK
A14: Full Rest Days | B14: ='Weekly Plan'!B17 -> 1 | C14: 1+ minimum | E14: Weak Foot | F14: 100 clean passes | G14: Use Homework | H14: =IF(B14>=1,"OK","Need Rest") -> OK
A16: Latest Weekly Scorecard
A17: Metric | B17: Latest Value | C17: Target | D17: Trend / Focus | E17: Metric | F17: Latest Value | G17: Target | H17: Trend / Focus
A18: Juggling Record | B18: =IFERROR(LOOKUP(2,1/('Score Tracker'!C6:C17<>""),'Score Tracker'!C6:C17),"") | C18: 80+ | D18: =IF(B18="","",IF(B18>=80,"Strong","Build touch volume")) | E18: Finishing On Frame % | F18: =IFERROR(LOOKUP(2,1/('Score Tracker'!G6:G17<>""),'Score Tracker'!G6:G17),"") | G18: 70%+ | H18: =IF(F18="","",IF(F18>=0.7,"Strong","Movement + target finish"))
A19: Weak-Foot Passes | B19: =IFERROR(LOOKUP(2,1/('Score Tracker'!D6:D17<>""),'Score Tracker'!D6:D17),"") | C19: 100 | D19: =IF(B19="","",IF(B19>=100,"Strong","Daily weak foot")) | E19: 1v1 Def Win % | F19: =IFERROR(LOOKUP(2,1/('Score Tracker'!H6:H17<>""),'Score Tracker'!H6:H17),"") | G19: 60%+ | H19: =IF(F19="","",IF(F19>=0.6,"Strong","Defending body shape"))
A20: 10 yd Sprint | B20: =IFERROR(LOOKUP(2,1/('Score Tracker'!E6:E17<>""),'Score Tracker'!E6:E17),"") | C20: 2.20 sec | D20: =IF(B20="","",IF(B20<=2.2,"Fast","Sprint mechanics")) | E20: 1v1 Attack Win % | F20: =IFERROR(LOOKUP(2,1/('Score Tracker'!I6:I17<>""),'Score Tracker'!I6:I17),"") | G20: 60%+ | H20: =IF(F20="","",IF(F20>=0.6,"Strong","One move then explode"))
A21: Scan Score | B21: =IFERROR(LOOKUP(2,1/('Score Tracker'!J6:J17<>""),'Score Tracker'!J6:J17),"") | C21: 8/10+ | D21: =IF(B21="","",IF(B21>=8,"Strong","Scan before touch")) | E21: Overall Score | F21: =IFERROR(LOOKUP(2,1/('Score Tracker'!O6:O17<>""),'Score Tracker'!O6:O17),"") | G21: 80+ | H21: =IF(F21="","",IF(F21>=80,"Strong","Review Improvement Focus"))
A23: Non-Negotiables
A24: 1 | B24: Scan before receiving | C24: He must check shoulder before the ball arrives, not after.
A25: 2 | B25: First touch with purpose | C25: First touch should escape pressure or prepare the next action.
A26: 3 | B26: Lose it, hunt it | C26: Immediate counterpress for three seconds after losing possession.
A27: 4 | B27: One move then explode | C27: No dancing. Beat the man and go.
A28: 5 | B28: Dad/Coach/Scout mode | C28: Push standards without making every session emotional.

Sheet Weekly Plan
A1: Elijah Total Football Weekly Training Plan
A2: Flexible template. Adjust around club training, match load, soreness, and school. Target: 2 hard individual sessions, 1 light technical session, and at least 1 full rest day.
A4: Day | B4: Session Type | C4: Duration Min | D4: Planned RPE | E4: Training Load | F4: Intensity | G4: Primary Focus | H4: Parent Mode | I4: Non-Negotiable | J4: Notes
A5: Monday | B5: Total Football IQ | C5: 65 | D5: 6 | E5: =IF(OR(C5="",D5=""),"",C5*D5) -> 390 | F5: Medium | G5: Scanning, first touch, pressure escape, role rotation | H5: Mixed | I5: Quality touches and decisions over punishment | J5: Move this day if club training is heavy.
A6: Tuesday | B6: Club Training | C6: 90 | D6: 7 | E6: =IF(OR(C6="",D6=""),"",C6*D6) -> 630 | F6: High | G6: Team tactics, coach instructions, positional discipline | H6: Scout | I6: Respect the team plan | J6: No hard extra work after a brutal club session.
A7: Wednesday | B7: Speed + Duels | C7: 60 | D7: 8 | E7: =IF(OR(C7="",D7=""),"",C7*D7) -> 480 | F7: High | G7: Acceleration, reaction cuts, 1v1 defending/attacking | H7: Coach | I7: Full rest between sprints; no lazy reps | J7: Competitive dog session.
A8: Thursday | B8: 20-Min Homework | C8: 20 | D8: 3 | E8: =IF(OR(C8="",D8=""),"",C8*D8) -> 60 | F8: Low | G8: Juggling, wall passing, weak foot, ball mastery | H8: Dad | I8: Keep it fun and clean | J8: Win the habit without a fight.
A9: Friday | B9: Forward Killer | C9: 65 | D9: 7 | E9: =IF(OR(C9="",D9=""),"",C9*D9) -> 455 | F9: High | G9: Movement, finishing, back-to-goal, striker pressing | H9: Coach | I9: 70%+ on frame before adding speed | J9: Do not just shoot; move before every finish.
A10: Saturday | B10: Match/Scrimmage | C10: 75 | D10: 8 | E10: =IF(OR(C10="",D10=""),"",C10*D10) -> 600 | F10: High | G10: Apply total player profile in a real game | H10: Scout | I10: Observe more than you talk | J10: Post-game: ask what he saw, not only what he did.
A11: Sunday | B11: Rest/Recovery | C11: 0 | D11: 0 | E11: =IF(OR(C11="",D11=""),"",C11*D11) -> 0 | F11: Rest | G11: No soccer-specific training | H11: Dad | I11: Protect body and mind | J11: Walk, stretch, family time only.
A13: Weekly Summary | B13: Formula | C13: Target | D13: Current Plan
A14: Total Planned Minutes | B14: =SUM(C5:C11) -> 375 | C14: 300-400 based on club load | D14: =B14 -> 375
A15: Total Training Load | B15: =SUM(E5:E11) -> 2615 | C15: Keep stable week to week | D15: =B15 -> 2615
A16: Hard Individual Days | B16: =COUNTIFS(F5:F11,"High",H5:H11,"Coach") -> 2 | C16: 2 max most weeks | D16: =B16 -> 2
A17: Full Rest Days | B17: =COUNTIF(F5:F11,"Rest") -> 1 | C17: 1+ minimum | D17: =B17 -> 1
A19: Coach's Rule
A20: Do not make every session a father-son war. Use Coach Mode for standards, Dad Mode for joy, and Scout Mode to observe quietly. The win is a player who wants to return tomorrow.

Sheet Session 1 - IQ
A1: Session 1 — Total Football IQ
A2: Goal: build the European profile — scan early, receive on the half-turn, pass with both feet, escape pressure, and understand how striker, winger, fullback, and midfielder actions connect.
A5: Block | B5: Minutes | C5: Drill | D5: Setup | E5: Reps / Rules | F5: Coaching Cues | G5: Success Standard
A6: Warmup | B6: 8 | C6: Dynamic warmup + accelerations | D6: High knees, skips, shuffles, hips, backpedal, sprint mechanics | E6: 3 x 10 yd + 3 x 15 yd accelerations | F6: Sharp not tired. Smooth mechanics. | G6: Fresh legs and clean posture
A7: Scan | B7: 10 | C7: Color scan before receiving | D7: Four colored cones/objects around him; parent calls color before pass arrives | E7: 5 x 90 sec, 45 sec rest | F7: Scan before. Open body. First touch away from pressure. | G7: 8/10 reps include visible shoulder check
A8: Pass | B8: 12 | C8: Two-foot wall/parent passing | D8: Wall or parent 8-12 yards away | E8: 50 right, 50 left, 25 one-touch each, 25 across-body | F8: Clean pace on floor. No lazy passes. | G8: 100+ clean weak-foot passes weekly
A9: Escape | B9: 12 | C9: Pressure commands | D9: Cone defender or passive pressure from behind | E9: Commands: "Man on" bounce; "Turn" open; "Left/Right shoulder" touch away | F9: Receive based on information, not habit. | G9: Correct decision before technical speed
A10: Rotate | B10: 15 | C10: Position rotation pattern | D10: Same ball pattern from striker, winger, fullback, midfielder roles | E10: 4 roles x 3-4 reps each action | F10: Understand the job of every position. | G10: Can explain role after each round
A11: Cooldown | B11: 5 | C11: Breathing + recap | D11: Walk, hydrate, quick stretch | E11: Ask: what did you see before receiving? | F11: Make him verbalize the picture. | G11: One clear learning point recorded
A13: Coaching Standard
A14: This is not a cone-show session. Every rep must include information: scan, body shape, first touch, decision, execution. If the decision is wrong, slow the drill down before adding speed.

Sheet Session 2 - Duels
A1: Session 2 — Speed + Duels
A2: Goal: build the two-way monster — acceleration, reaction cuts, 1v1 defending, 1v1 attacking, and instant transition after losing the ball.
A5: Block | B5: Minutes | C5: Drill | D5: Setup | E5: Reps / Rules | F5: Coaching Cues | G5: Success Standard
A6: Warmup | B6: 8 | C6: Dynamic movement + activation | D6: A-skips, shuffles, carioca, hips, pogo hops | E6: 2 rounds | F6: Tall posture, fast feet, soft landing. | G6: Ready to sprint without stiffness
A7: Speed | B7: 12 | C7: Sprint mechanics | D7: Wall drives, falling starts, 10-20 yd lane | E7: 5 x 10 yd, 4 x 20 yd, full rest | F7: Speed is not conditioning. Full rest. Violent first 3 steps. | G7: No rep starts tired
A8: Reaction | B8: 10 | C8: Random direction cuts | D8: Three-cone line: left, middle, right | E8: 8 right, 8 left, 8 random | F8: Drop hips. Push ground away. Explode out. | G8: Clean cut without slipping or standing up
A9: Defend | B9: 15 | C9: 1v1 defending box | D9: 10x12 yd box, attacker dribbles at him | E9: First to 7 points | F9: Fast approach, slow finish. Side-on. Do not stab. | G9: 60%+ delay/win score
A10: Attack | B10: 15 | C10: 1v1 attacking box | D10: Same box; Elijah attacks | E10: One move then explode; first to 7 | F10: One move. Violence after the move. | G10: 60%+ beat/finish score
A11: Transition | B11: 8 | C11: Lose it, hunt it | D11: 1v1 attack continues if ball is lost | E11: 3-second counterpress rule | F11: The play is not over when he loses it. | G11: Immediate chase after every turnover
A13: Coaching Standard
A14: Do not turn speed into punishment. High-quality sprints need full recovery. The duel work should be competitive, but the main standard is decision plus body position, not just winning by being stronger.

Sheet Session 3 - Forward
A1: Session 3 — Forward Killer
A2: Goal: keep the striker weapon sharp while training the modern forward: movement, finishing, back-to-goal strength, pressing angles, and recovery after loss.
A5: Block | B5: Minutes | C5: Drill | D5: Setup | E5: Reps / Rules | F5: Coaching Cues | G5: Success Standard
A6: Warmup | B6: 8 | C6: Movement prep + ball activation | D6: Dynamic movement, light touches, passes into feet | E6: 2 rounds | F6: Prepare ankles, hips, hamstrings, and touch. | G6: Ready to finish with control
A7: Movement | B7: 10 | C7: Runs before finishing | D7: Cone or parent server; no standing shots | E7: Check away/to, pull off shoulder, curve run, near/far post | F7: Movement creates the goal before the shot. | G7: Every finish starts with movement
A8: Finish | B8: 20 | C8: Finishing categories | D8: Goal, mini-goals, or target zones | E8: 10 right placement, 10 left placement, 10 power each, 10 one-touch, 10 cut-in, 10 across-goal | F8: Pick a target. Head steady. Hit frame. | G8: 70%+ on frame before adding speed
A9: Hold | B9: 12 | C9: Back-to-goal striker work | D9: Server plays into feet with passive pressure | E9: Shield, bounce, spin, roll defender | F9: Be strong, not stiff. Feel pressure. | G9: Can keep ball and connect next pass
A10: Press | B10: 10 | C10: Striker pressing angles | D10: Two cone center backs + one cone keeper | E10: Parent points ball side; Elijah curves press | F10: Press with brain, not just legs. | G10: Cuts off one lane while sprinting
A11: Cooldown | B11: 5 | C11: Finishing percentage recap | D11: Record shots on frame and misses | E11: Write % in tracker | F11: Track the truth. Do not guess. | G11: Number entered in Score Tracker
A13: Coaching Standard
A14: A real forward does more than score. He moves before the ball arrives, finishes with both feet, protects the ball under contact, presses with angles, and wins the next action after losing it.

Sheet 20-Min Homework
A1: 20-Minute Minimum Homework
A2: Use this on low-motivation days. Do not negotiate a full session. Ask him to pick one focus and give 20 clean minutes. The goal is habit, touch count, and confidence.
A5: Block | B5: Minutes | C5: Work | D5: Options | E5: Standard | F5: Parent Line
A6: 1 | B6: 5 | C6: Juggling | D6: Right foot, left foot, thighs, mixed | E6: Clean touches; record best streak | F6: Beat your score, not your brother.
A7: 2 | B7: 5 | C7: Wall passing | D7: Two-touch, one-touch, weak foot | E7: Ball on floor; clean return line | F7: Make it look easy.
A8: 3 | B8: 5 | C8: Ball mastery | D8: Inside-inside, sole rolls, V-pulls, scissors, L-turns | E8: Head up every few touches | F8: Smooth then fast.
A9: 4 | B9: 5 | C9: First touch or finishing | D9: Wall target, mini goal, touch into space | E9: First touch has a purpose | F9: One clean action at a time.
A11: Motivation Script
A12: Do not say: “You need to train.” Say: “Pick one: finishing, speed, or 1v1s. Twenty minutes.” Give him control inside your standard. End the session while he still has energy.

Sheet Score Tracker
A1: Elijah Score Tracker — 12-Week Total Football Development
A2: Enter scores once per week. Pink cells are manual inputs. Blue cells are formulas. Use the trend to see what is improving and what needs attention.
A5: Week | B5: Week Start | C5: Juggling Record | D5: Weak-Foot Clean Passes | E5: 10 yd Sprint sec | F5: 20 yd Sprint sec | G5: Finishing On Frame % | H5: 1v1 Def Win % | I5: 1v1 Attack Win % | J5: Scan Score /10 | K5: Sessions Completed | L5: Avg RPE | M5: Weekly Load | N5: Notes | O5: Overall Score | P5: Improvement Focus
A6: 1 | B6: 46223 | O6: =IF(C6="","",ROUND(100*((MIN(C6/80,1)+MIN(D6/100,1)+IF(E6="",0,MIN(2.2/E6,1))+IF(F6="",0,MIN(3.6/F6,1))+G6+H6+I6+MIN(J6/10,1))/8),0)) | P6: =IF(O6="","",IF(J6<8,"Scan before receiving",IF(G6<0.7,"Finishing on frame",IF(H6<0.6,"1v1 defending",IF(I6<0.6,"1v1 attacking",IF(D6<100,"Weak-foot passing","Keep building"))))))
A7: 2 | B7: 46230 | O7: =IF(C7="","",ROUND(100*((MIN(C7/80,1)+MIN(D7/100,1)+IF(E7="",0,MIN(2.2/E7,1))+IF(F7="",0,MIN(3.6/F7,1))+G7+H7+I7+MIN(J7/10,1))/8),0)) | P7: =IF(O7="","",IF(J7<8,"Scan before receiving",IF(G7<0.7,"Finishing on frame",IF(H7<0.6,"1v1 defending",IF(I7<0.6,"1v1 attacking",IF(D7<100,"Weak-foot passing","Keep building"))))))
A8: 3 | B8: 46237 | O8: =IF(C8="","",ROUND(100*((MIN(C8/80,1)+MIN(D8/100,1)+IF(E8="",0,MIN(2.2/E8,1))+IF(F8="",0,MIN(3.6/F8,1))+G8+H8+I8+MIN(J8/10,1))/8),0)) | P8: =IF(O8="","",IF(J8<8,"Scan before receiving",IF(G8<0.7,"Finishing on frame",IF(H8<0.6,"1v1 defending",IF(I8<0.6,"1v1 attacking",IF(D8<100,"Weak-foot passing","Keep building"))))))
A9: 4 | B9: 46244 | O9: =IF(C9="","",ROUND(100*((MIN(C9/80,1)+MIN(D9/100,1)+IF(E9="",0,MIN(2.2/E9,1))+IF(F9="",0,MIN(3.6/F9,1))+G9+H9+I9+MIN(J9/10,1))/8),0)) | P9: =IF(O9="","",IF(J9<8,"Scan before receiving",IF(G9<0.7,"Finishing on frame",IF(H9<0.6,"1v1 defending",IF(I9<0.6,"1v1 attacking",IF(D9<100,"Weak-foot passing","Keep building"))))))
A10: 5 | B10: 46251 | O10: =IF(C10="","",ROUND(100*((MIN(C10/80,1)+MIN(D10/100,1)+IF(E10="",0,MIN(2.2/E10,1))+IF(F10="",0,MIN(3.6/F10,1))+G10+H10+I10+MIN(J10/10,1))/8),0)) | P10: =IF(O10="","",IF(J10<8,"Scan before receiving",IF(G10<0.7,"Finishing on frame",IF(H10<0.6,"1v1 defending",IF(I10<0.6,"1v1 attacking",IF(D10<100,"Weak-foot passing","Keep building"))))))
A11: 6 | B11: 46258 | O11: =IF(C11="","",ROUND(100*((MIN(C11/80,1)+MIN(D11/100,1)+IF(E11="",0,MIN(2.2/E11,1))+IF(F11="",0,MIN(3.6/F11,1))+G11+H11+I11+MIN(J11/10,1))/8),0)) | P11: =IF(O11="","",IF(J11<8,"Scan before receiving",IF(G11<0.7,"Finishing on frame",IF(H11<0.6,"1v1 defending",IF(I11<0.6,"1v1 attacking",IF(D11<100,"Weak-foot passing","Keep building"))))))
A12: 7 | B12: 46265 | O12: =IF(C12="","",ROUND(100*((MIN(C12/80,1)+MIN(D12/100,1)+IF(E12="",0,MIN(2.2/E12,1))+IF(F12="",0,MIN(3.6/F12,1))+G12+H12+I12+MIN(J12/10,1))/8),0)) | P12: =IF(O12="","",IF(J12<8,"Scan before receiving",IF(G12<0.7,"Finishing on frame",IF(H12<0.6,"1v1 defending",IF(I12<0.6,"1v1 attacking",IF(D12<100,"Weak-foot passing","Keep building"))))))
A13: 8 | B13: 46272 | O13: =IF(C13="","",ROUND(100*((MIN(C13/80,1)+MIN(D13/100,1)+IF(E13="",0,MIN(2.2/E13,1))+IF(F13="",0,MIN(3.6/F13,1))+G13+H13+I13+MIN(J13/10,1))/8),0)) | P13: =IF(O13="","",IF(J13<8,"Scan before receiving",IF(G13<0.7,"Finishing on frame",IF(H13<0.6,"1v1 defending",IF(I13<0.6,"1v1 attacking",IF(D13<100,"Weak-foot passing","Keep building"))))))
A14: 9 | B14: 46279 | O14: =IF(C14="","",ROUND(100*((MIN(C14/80,1)+MIN(D14/100,1)+IF(E14="",0,MIN(2.2/E14,1))+IF(F14="",0,MIN(3.6/F14,1))+G14+H14+I14+MIN(J14/10,1))/8),0)) | P14: =IF(O14="","",IF(J14<8,"Scan before receiving",IF(G14<0.7,"Finishing on frame",IF(H14<0.6,"1v1 defending",IF(I14<0.6,"1v1 attacking",IF(D14<100,"Weak-foot passing","Keep building"))))))
A15: 10 | B15: 46286 | O15: =IF(C15="","",ROUND(100*((MIN(C15/80,1)+MIN(D15/100,1)+IF(E15="",0,MIN(2.2/E15,1))+IF(F15="",0,MIN(3.6/F15,1))+G15+H15+I15+MIN(J15/10,1))/8),0)) | P15: =IF(O15="","",IF(J15<8,"Scan before receiving",IF(G15<0.7,"Finishing on frame",IF(H15<0.6,"1v1 defending",IF(I15<0.6,"1v1 attacking",IF(D15<100,"Weak-foot passing","Keep building"))))))
A16: 11 | B16: 46293 | O16: =IF(C16="","",ROUND(100*((MIN(C16/80,1)+MIN(D16/100,1)+IF(E16="",0,MIN(2.2/E16,1))+IF(F16="",0,MIN(3.6/F16,1))+G16+H16+I16+MIN(J16/10,1))/8),0)) | P16: =IF(O16="","",IF(J16<8,"Scan before receiving",IF(G16<0.7,"Finishing on frame",IF(H16<0.6,"1v1 defending",IF(I16<0.6,"1v1 attacking",IF(D16<100,"Weak-foot passing","Keep building"))))))
A17: 12 | B17: 46300 | O17: =IF(C17="","",ROUND(100*((MIN(C17/80,1)+MIN(D17/100,1)+IF(E17="",0,MIN(2.2/E17,1))+IF(F17="",0,MIN(3.6/F17,1))+G17+H17+I17+MIN(J17/10,1))/8),0)) | P17: =IF(O17="","",IF(J17<8,"Scan before receiving",IF(G17<0.7,"Finishing on frame",IF(H17<0.6,"1v1 defending",IF(I17<0.6,"1v1 attacking",IF(D17<100,"Weak-foot passing","Keep building"))))))

Sheet Session Log
A1: Session Log — Daily Training Record
A2: Use this after each training day. Training Load = Duration x RPE. Energy/soreness notes help decide when to push and when to back off.
A5: Date | B5: Day | C5: Session Type | D5: Status | E5: Duration Min | F5: RPE 1-10 | G5: Training Load | H5: Energy Flag | I5: Soreness 1-10 | J5: Best Moment | K5: Needs Work | L5: Dad/Coach Notes
B6: =IF(A6="","",TEXT(A6,"dddd")) | D6: Planned | G6: =IF(OR(E6="",F6=""),"",E6*F6)
B7: =IF(A7="","",TEXT(A7,"dddd")) | D7: Planned | G7: =IF(OR(E7="",F7=""),"",E7*F7)
B8: =IF(A8="","",TEXT(A8,"dddd")) | D8: Planned | G8: =IF(OR(E8="",F8=""),"",E8*F8)
B9: =IF(A9="","",TEXT(A9,"dddd")) | D9: Planned | G9: =IF(OR(E9="",F9=""),"",E9*F9)
B10: =IF(A10="","",TEXT(A10,"dddd")) | D10: Planned | G10: =IF(OR(E10="",F10=""),"",E10*F10)
B11: =IF(A11="","",TEXT(A11,"dddd")) | D11: Planned | G11: =IF(OR(E11="",F11=""),"",E11*F11)
B12: =IF(A12="","",TEXT(A12,"dddd")) | D12: Planned | G12: =IF(OR(E12="",F12=""),"",E12*F12)
B13: =IF(A13="","",TEXT(A13,"dddd")) | D13: Planned | G13: =IF(OR(E13="",F13=""),"",E13*F13)
B14: =IF(A14="","",TEXT(A14,"dddd")) | D14: Planned | G14: =IF(OR(E14="",F14=""),"",E14*F14)
B15: =IF(A15="","",TEXT(A15,"dddd")) | D15: Planned | G15: =IF(OR(E15="",F15=""),"",E15*F15)
B16: =IF(A16="","",TEXT(A16,"dddd")) | D16: Planned | G16: =IF(OR(E16="",F16=""),"",E16*F16)
B17: =IF(A17="","",TEXT(A17,"dddd")) | D17: Planned | G17: =IF(OR(E17="",F17=""),"",E17*F17)
... B105: =IF(A105="","",TEXT(A105,"dddd")) | D105: Planned | G105: =IF(OR(E105="",F105=""),"",E105*F105)

Sheet References
A1: Training References + Source Links
A3: Topic | B3: Why It Matters | C3: Source | D3: URL
A4: Position rotation | B4: Young players benefit from exposure to different positions before being locked into a role. | C4: England Football Learning | D4: https://learn.englandfootball.com/articles-and-resources/coaching/resources/2023/Why-your-players-should-try-different-positions
A5: Position-specific training | B5: Elite development should connect technical actions, role demands, and game-like decisions. | C5: FIFA Training Centre | D5: https://www.fifatrainingcentre.com/en/practice/talent-coach-programme/position-specific-training/developing-players-using-position-specific-training.php
A6: Scanning and first touch | B6: Players should scan before receiving, adjust body orientation, and use first touch to prepare the next action. | C6: FIFA Training Centre | D6: https://www.fifatrainingcentre.com/en/practice/talent-coach-programme/position-specific-training/individual-actions-developing-central-midfielders.php
A7: Youth load/rest | B7: Protect against burnout and overuse by maintaining rest and avoiding too many intense sport-specific days. | C7: American Academy of Pediatrics | D7: https://publications.aap.org/aapnews/news/27833/Professionalization-of-youth-sports-can-lead-to
A8: Modern defenders | B8: Modern defenders must defend space, pass forward, and contribute to attacks. | C8: UEFA Technical Observers | D8: https://www.uefa.com/uefachampionsleague/news/028a-1a1bf7e6d9ae-9ea32505034e-1000--champions-league-performance-insights-going-1v1/

Sheet Lists
A1: Session Type | B1: Intensity | C1: Parent Mode | D1: Status | E1: Energy Flag
A2: Total Football IQ | B2: Rest | C2: Dad | D2: Planned | E2: Green
A3: Speed + Duels | B3: Low | C3: Coach | D3: Done | E3: Yellow
A4: Forward Killer | B4: Medium | C4: Scout | D4: Skipped | E4: Red
A5: 20-Min Homework | B5: High | C5: Mixed | D5: Modified
A6: Club Training
A7: Match/Scrimmage
A8: Rest/Recovery
